{
  "freq_hz": 400000000.0,
  "freq_mhz": 400.0,
  "depth_m": 2.0,
  "radius_m": 1.0,
  "soil_epsr": 6,
  "velocity_m_ns": 0.12239283748106615,
  "domain_x": 5.0,
  "domain_z": 3.0,
  "dx": 0.01,
  "n_samples": 512,
  "n_traces": 500,
  "dt_ns": 0.11489642931250311,
  "time_window_ns": 58.826971808001595,
  "sinkhole_x": 2.5,
  "method": "analytical_synthesis",
  "elapsed_s": 0.059
}